-- Seed courses from existing static data
INSERT INTO courses (id, title, slug, instructor, category, level, price, sale_price, rating, rating_count, students_count, duration, lecture_count, description, short_description, thumbnail_url, featured, bestseller, last_updated, language, topics, what_you_will_learn, published)
VALUES
  ('00000000-0000-0000-0000-000000000001', 'The Complete Nice Guy Recovery System', 'complete-nice-guy-recovery-system', 'Michael Zick', 'nice-guy-recovery', 'All Levels', 297, 197, 4.9, 342, 1243, '12h 30m', 48, 'The definitive program for men ready to break free from the Nice Guy pattern. This comprehensive system walks you through identifying your approval-seeking behaviors, understanding their origins in your childhood, and building a new operating system based on authenticity and self-respect. You''ll learn to stop people-pleasing, set boundaries, and live from your own values instead of constantly seeking validation.', 'Break free from the Nice Guy pattern and build an authentic life.', 'https://images.unsplash.com/photo-1464822759023-fed622ff2c3b', true, true, 'January 2026', 'English', ARRAY['Nice Guy Recovery', 'Approval Addiction', 'Authenticity', 'Self-Worth', 'Boundaries', 'Masculinity'], ARRAY['Identify and break your approval-seeking patterns', 'Understand the childhood origins of Nice Guy behavior', 'Build an authentic operating system based on your values', 'Stop people-pleasing and start living for yourself', 'Develop healthy masculine energy and self-respect'], true),

  ('00000000-0000-0000-0000-000000000002', 'The Approval Addiction Recovery Program', 'approval-addiction-recovery-program', 'Michael Zick', 'nice-guy-recovery', 'Beginner', 197, 147, 4.8, 278, 987, '8h 45m', 32, 'Are you constantly seeking approval from others? Do you change who you are depending on who you''re around? This program helps you spot the approval bids, understand why you make them, and build the internal validation that frees you from needing others to tell you you''re okay.', 'Spot the bid for approval and break the addiction cycle.', 'https://images.unsplash.com/photo-1470071459604-3b5ec3a7fe05', true, false, 'December 2025', 'English', ARRAY['Approval Addiction', 'Self-Validation', 'Awareness', 'Covert Contracts', 'Recovery'], ARRAY['Recognize your approval-seeking patterns in real time', 'Understand the approval addiction recovery loop', 'Cancel covert contracts that keep you stuck', 'Build internal validation and self-trust', 'Navigate discomfort without reverting to old patterns'], true),

  ('00000000-0000-0000-0000-000000000003', 'Boundaries & Communication Masterclass', 'boundaries-communication-masterclass', 'Michael Zick', 'boundaries-communication', 'Intermediate', 197, NULL, 4.7, 195, 756, '10h 15m', 38, 'Most Nice Guys have never learned to set boundaries or communicate their needs directly. This masterclass teaches you the exact frameworks for setting boundaries without aggression, expressing needs without manipulation, and having difficult conversations with confidence. You''ll practice with real scenarios from relationships, work, and family.', 'Learn to set boundaries and communicate with confidence.', 'https://images.unsplash.com/photo-1501854140801-50d01698950b', true, true, 'February 2026', 'English', ARRAY['Boundaries', 'Communication', 'Assertiveness', 'Conflict Resolution', 'Difficult Conversations'], ARRAY['Set clear boundaries without guilt or aggression', 'Communicate your needs directly and effectively', 'Navigate difficult conversations with confidence', 'Handle pushback when you start changing', 'Build relationships based on honesty, not performance'], true),

  ('00000000-0000-0000-0000-000000000004', 'Displeasure Tolerance Training', 'displeasure-tolerance-training', 'Michael Zick', 'self-worth-identity', 'Intermediate', 147, 97, 4.8, 167, 623, '6h 30m', 24, 'The Nice Guy''s biggest fear is displeasure — from partners, bosses, friends, even strangers. This training builds your tolerance for others'' negative reactions so you can finally be honest, set limits, and stop contorting yourself to keep everyone happy. Through structured exposure exercises and mindset work, you''ll become comfortable with discomfort.', 'Build tolerance for discomfort and stop managing everyone''s emotions.', 'https://images.unsplash.com/photo-1433086966358-54859d0ed716', false, false, 'November 2025', 'English', ARRAY['Displeasure Tolerance', 'Emotional Regulation', 'Discomfort', 'Growth', 'Resilience'], ARRAY['Understand why you fear others'' displeasure', 'Build tolerance through structured exercises', 'Stop managing everyone else''s emotional state', 'Stay grounded when people push back on your boundaries', 'Transform discomfort from threat to growth signal'], true),

  ('00000000-0000-0000-0000-000000000005', 'The Covert Contract Breaker', 'covert-contract-breaker', 'Michael Zick', 'nice-guy-recovery', 'Beginner', 97, NULL, 4.9, 234, 892, '5h 15m', 20, 'Covert contracts are the unspoken deals Nice Guys make: ''If I do X, you should do Y.'' They''re the source of resentment, frustration, and broken relationships. This program teaches you to identify your covert contracts, understand why you create them, and replace them with direct communication and genuine giving.', 'Identify and eliminate the hidden deals destroying your relationships.', 'https://images.unsplash.com/photo-1482938289607-e9573fc25ebb', false, true, 'October 2025', 'English', ARRAY['Covert Contracts', 'Resentment', 'Direct Communication', 'Relationships', 'Honesty'], ARRAY['Spot covert contracts in every area of your life', 'Understand the Nice Guy logic that creates them', 'Replace covert contracts with direct requests', 'Give without strings attached', 'Eliminate resentment at its source'], true),

  ('00000000-0000-0000-0000-000000000006', 'Relationship Frame Workshop', 'relationship-frame-workshop', 'Michael Zick', 'relationship-skills', 'Advanced', 247, 197, 4.8, 156, 534, '9h 45m', 36, 'Your relationship frame determines the quality of every romantic relationship you''ll have. This workshop teaches you how to establish and maintain a healthy relationship frame based on standards, not scarcity. You''ll learn to attract from abundance, lead with integrity, and build partnerships where both people thrive.', 'Establish a healthy relationship frame based on standards, not scarcity.', 'https://images.unsplash.com/photo-1500534314209-a25ddb2bd429', false, false, 'January 2026', 'English', ARRAY['Relationship Frame', 'Dating Standards', 'Attraction', 'Partnership', 'Masculine Leadership'], ARRAY['Define your non-negotiable relationship standards', 'Stop dating from scarcity and desperation', 'Build attraction through authenticity, not performance', 'Lead in relationships without being controlling', 'Create partnerships where both people grow'], true),

  ('00000000-0000-0000-0000-000000000007', 'Parental Patterns & Self-Discovery', 'parental-patterns-self-discovery', 'Michael Zick', 'self-worth-identity', 'Intermediate', 177, NULL, 4.7, 143, 478, '7h 30m', 28, 'Your Nice Guy patterns didn''t start with you — they started in your childhood. This deep-dive program helps you examine your parental relationships, identify the survival strategies you developed as a child, and consciously choose which patterns to keep and which to release. Understanding your past is the key to changing your future.', 'Examine childhood patterns and consciously choose who you become.', 'https://images.unsplash.com/photo-1506744038136-46273834b3fb', false, false, 'September 2025', 'English', ARRAY['Childhood Patterns', 'Parental Relationships', 'Self-Discovery', 'Inner Child', 'Healing'], ARRAY['Map your parental relationship dynamics', 'Identify survival strategies from childhood', 'Understand how those patterns show up in adult life', 'Release patterns that no longer serve you', 'Build a conscious identity based on choice, not conditioning'], true),

  ('00000000-0000-0000-0000-000000000008', 'Dating from Standards, Not Scarcity', 'dating-from-standards-not-scarcity', 'Michael Zick', 'relationship-skills', 'All Levels', 147, 97, 4.8, 198, 712, '6h 45m', 26, 'Most Nice Guys settle in dating because they believe they can''t do better, or they chase women hoping to earn love through performance. This program flips the script: you''ll define your standards, build genuine confidence, and learn to date from a place of abundance rather than desperation.', 'Stop settling and start dating from confidence and clarity.', 'https://images.unsplash.com/photo-1469474968028-56623f02e42e', false, true, 'December 2025', 'English', ARRAY['Dating', 'Standards', 'Confidence', 'Abundance Mindset', 'Attraction'], ARRAY['Define what you actually want in a partner', 'Stop settling out of fear or scarcity', 'Build genuine confidence that attracts', 'Date from abundance, not desperation', 'Recognize red flags and honor your standards'], true);

-- Seed chapters and lessons for Course 1 (Complete Nice Guy Recovery System)
INSERT INTO chapters (id, course_id, title, description, sort_order) VALUES
  ('10000000-0000-0000-0000-000000000001', '00000000-0000-0000-0000-000000000001', 'Getting Started', 'Introduction and assessment', 0),
  ('10000000-0000-0000-0000-000000000002', '00000000-0000-0000-0000-000000000001', 'Core Framework', 'The approval addiction recovery loop', 1),
  ('10000000-0000-0000-0000-000000000003', '00000000-0000-0000-0000-000000000001', 'Advanced Recovery', 'Deep work and integration', 2);

INSERT INTO lessons (id, chapter_id, title, sort_order, duration_seconds, video_source_type, video_url, is_preview) VALUES
  ('20000000-0000-0000-0000-000000000001', '10000000-0000-0000-0000-000000000001', 'Introduction & Assessment', 0, 540, 'youtube', 'https://www.youtube.com/watch?v=dQw4w9WgXcQ', true),
  ('20000000-0000-0000-0000-000000000002', '10000000-0000-0000-0000-000000000001', 'Understanding the Pattern', 1, 720, 'youtube', 'https://www.youtube.com/watch?v=dQw4w9WgXcQ', false),
  ('20000000-0000-0000-0000-000000000003', '10000000-0000-0000-0000-000000000001', 'Your Recovery Roadmap', 2, 600, 'youtube', 'https://www.youtube.com/watch?v=dQw4w9WgXcQ', false),
  ('20000000-0000-0000-0000-000000000004', '10000000-0000-0000-0000-000000000001', 'Setting Expectations', 3, 480, 'youtube', 'https://www.youtube.com/watch?v=dQw4w9WgXcQ', false),
  ('20000000-0000-0000-0000-000000000005', '10000000-0000-0000-0000-000000000001', 'First Assignment', 4, 360, 'youtube', 'https://www.youtube.com/watch?v=dQw4w9WgXcQ', false),
  ('20000000-0000-0000-0000-000000000006', '10000000-0000-0000-0000-000000000002', 'The Approval Loop', 0, 900, 'youtube', 'https://www.youtube.com/watch?v=dQw4w9WgXcQ', false),
  ('20000000-0000-0000-0000-000000000007', '10000000-0000-0000-0000-000000000002', 'Spotting Covert Contracts', 1, 840, 'youtube', 'https://www.youtube.com/watch?v=dQw4w9WgXcQ', false),
  ('20000000-0000-0000-0000-000000000008', '10000000-0000-0000-0000-000000000002', 'Building Awareness', 2, 780, 'youtube', 'https://www.youtube.com/watch?v=dQw4w9WgXcQ', false),
  ('20000000-0000-0000-0000-000000000009', '10000000-0000-0000-0000-000000000003', 'Displeasure Tolerance', 0, 960, 'youtube', 'https://www.youtube.com/watch?v=dQw4w9WgXcQ', false),
  ('20000000-0000-0000-0000-000000000010', '10000000-0000-0000-0000-000000000003', 'Setting Hard Boundaries', 1, 1020, 'youtube', 'https://www.youtube.com/watch?v=dQw4w9WgXcQ', false),
  ('20000000-0000-0000-0000-000000000011', '10000000-0000-0000-0000-000000000003', 'Integration & Maintenance', 2, 840, 'youtube', 'https://www.youtube.com/watch?v=dQw4w9WgXcQ', false);

-- ============================================================
-- Course 9: Breaking Self-Limiting Beliefs with Women
-- ============================================================
INSERT INTO courses (id, title, slug, instructor, category, level, price, sale_price, rating, rating_count, students_count, duration, lecture_count, description, short_description, thumbnail_url, featured, bestseller, last_updated, language, topics, what_you_will_learn, published)
VALUES (
  '00000000-0000-0000-0000-000000000009',
  'Breaking Self-Limiting Beliefs with Women',
  'breaking-self-limiting-beliefs-with-women',
  'Michael Zick',
  'self-worth-identity',
  'All Levels',
  147,
  97,
  4.9,
  0,
  0,
  '5h 30m',
  10,
  $$Every man carries a set of invisible scripts about women — stories he tells himself before he even opens his mouth. "She's out of my league." "She'll reject me and it'll prove I'm worthless." "A woman like her only dates billionaires." These are Self-Limiting Beliefs (SLBs) and Negative Predictors (NPs), and they run your love life from the shadows. This course exposes them, traces them to their origins, dismantles the logic behind each one, and gives you a concrete system for replacing fear-based beliefs with evidence-based confidence. You'll walk away with a new operating system — one built on what's actually true, not what your fear tells you is true.$$,
  'Expose and dismantle the invisible beliefs sabotaging your confidence with women.',
  'https://images.unsplash.com/photo-1507003211169-0a1dd7228f2d',
  true,
  false,
  'March 2026',
  'English',
  ARRAY['Self-Limiting Beliefs', 'Negative Predictors', 'Confidence', 'Approaching Women', 'Rejection', 'Mindset', 'Dating Psychology'],
  ARRAY['Identify the specific self-limiting beliefs running your interactions with women', 'Trace each belief back to its origin so it loses its power', 'Dismantle the most common SLBs men carry about attraction and rejection', 'Build an evidence-based belief system rooted in reality, not fear', 'Create a daily practice that keeps your beliefs grounded and your confidence real'],
  true
);

-- Chapters for Course 9
INSERT INTO chapters (id, course_id, title, description, sort_order) VALUES
  ('10000000-0000-0000-0000-000000000009', '00000000-0000-0000-0000-000000000009', 'Understanding Self-Limiting Beliefs & Negative Predictors', 'Learn what SLBs and NPs are, where they come from, and what they cost you', 0),
  ('10000000-0000-0000-0000-000000000010', '00000000-0000-0000-0000-000000000009', 'The Most Common SLBs Decoded', 'Break down the specific beliefs that keep men stuck', 1),
  ('10000000-0000-0000-0000-000000000011', '00000000-0000-0000-0000-000000000009', 'Replacing SLBs with Grounded Beliefs', 'Build a new operating system based on evidence, action, and maintenance', 2);

-- ============================================================
-- Lessons for Chapter 1: Understanding SLBs & NPs
-- ============================================================

-- Lesson 1: What Are SLBs and NPs?
INSERT INTO lessons (id, chapter_id, title, description, sort_order, duration_seconds, video_source_type, video_url, is_preview, content, journal_prompts) VALUES (
  '20000000-0000-0000-0000-000000000101',
  '10000000-0000-0000-0000-000000000009',
  'What Are SLBs and NPs?',
  'Defines self-limiting beliefs and negative predictors, how the brain creates them, and why they feel true even when they are not.',
  0,
  1980,
  'youtube',
  'https://www.youtube.com/watch?v=dQw4w9WgXcQ',
  true,
  $$## Full Script

Welcome to the first lesson of Breaking Self-Limiting Beliefs with Women. I'm Michael Zick, and before we get into specific beliefs, we need to understand what we're dealing with.

A **Self-Limiting Belief** — or SLB — is a story you tell yourself about who you are, what you're capable of, or what's possible for you, and that story keeps you from taking action. It feels like truth. It feels like realism. But it's not — it's a conclusion your brain drew from incomplete data, usually a long time ago, and it's been running on autopilot ever since.

A **Negative Predictor** — or NP — is a specific type of SLB. It's when you predict a negative outcome before anything has happened. "If I walk over there, she's going to look at me like I have a disease." That's not a fact. That's a prediction. And your brain treats it like a fact because the emotional charge behind it is so strong.

Here's what I want you to understand: **your brain is not trying to hurt you.** Your brain is trying to protect you. SLBs and NPs exist because at some point in your life — maybe when you were 8, maybe when you were 15, maybe when you were 25 — something happened that your brain logged as dangerous. You got rejected. You got laughed at. You watched your father get humiliated. You saw something on TV that told you men like you don't get women like her. And your brain said, "Okay, I'll make sure we never feel that again." So it built a wall. That wall is the SLB.

The problem is that walls built to protect a child don't serve a grown man. They don't protect you anymore — they imprison you. They keep you from approaching. They keep you from being honest about what you want. They keep you stuck in a loop of wanting connection but predicting rejection so consistently that you never even try.

Here's the thing that will change everything for you: **SLBs feel true because they were once useful, not because they are accurate.** There's a massive difference between a belief that protected you at age 12 and a belief that reflects reality at age 35. Your job in this course is to learn to tell the difference.

Let me give you some examples of SLBs and NPs that are specific to how men relate to women:

- "She's out of my league."
- "If I approach her, she's going to see everything I'm hiding and read me like a magazine."
- "If she rejects me — and she will — it's going to prove how low I am on the totem pole."
- "A woman like her only dates billionaires."
- "She's hot, but she's probably a bitch who will shit test me endlessly."
- "I'm not the top 1% of the top 1%. Why should I even try?"
- "She probably wants to get married and take all my money like all women do."
- "It would be better to not want her at all than to want her and get rejected."

Sound familiar? We're going to break every single one of these down in this course. But first, you need to recognize them in yourself — because SLBs are sneaky. They don't announce themselves as beliefs. They announce themselves as facts. They sound like common sense. They sound like "just being realistic."

That's the first skill we're building: the ability to catch an SLB in real time and say, "Wait — is that a fact, or is that a story I'm telling myself?"

---

## Quick-Reference Outline

- **SLB defined:** A story about yourself that limits your action, disguised as truth
- **NP defined:** Predicting a negative outcome before anything has happened
- **Why they exist:** Your brain's protection mechanism from past pain
- **Why they persist:** Emotional charge makes them feel like facts
- **Key insight:** SLBs feel true because they were once *useful*, not because they are *accurate*
- **Common SLB examples** with women: league thinking, rejection catastrophizing, dismissive generalizations
- **First skill:** Catch the belief in real time — is it a fact or a story?$$,
  ARRAY[
    'Write down every belief you hold about approaching or interacting with women that stops you from taking action. Don''t edit or judge — just list them all.',
    'For each belief you listed, write down when you first remember feeling this way. How old were you? What was happening?',
    'Pick the one belief from your list that has the strongest emotional charge — the one that feels most "obviously true." Write it down and then write: "This is a story, not a fact." How does that statement land for you?'
  ]
);

-- Lesson 2: Where Your SLBs Came From
INSERT INTO lessons (id, chapter_id, title, description, sort_order, duration_seconds, video_source_type, video_url, is_preview, content, journal_prompts) VALUES (
  '20000000-0000-0000-0000-000000000102',
  '10000000-0000-0000-0000-000000000009',
  'Where Your SLBs Came From',
  'Traces the origins of your beliefs: childhood messaging, social conditioning, past rejections, and media narratives.',
  1,
  2100,
  'youtube',
  'https://www.youtube.com/watch?v=dQw4w9WgXcQ',
  false,
  $$## Full Script

Now that you know what SLBs and NPs are, the next question is: where did yours come from? Because they didn't appear out of nowhere. Every belief you carry has a source, and when you can trace a belief back to its source, it starts to lose its grip on you.

There are four main factories that produce self-limiting beliefs about women. Let me walk you through each one.

**1. Childhood Messaging**

This is the biggest one. What did you learn about women, about yourself, and about your worth from your parents — especially from your mother and your father's relationship?

If your mother was critical, dismissive, or emotionally unpredictable, you may have learned that women are dangerous — that getting close to a woman means walking on eggshells. If your father was passive, absent, or dominated by your mother, you may have learned that men don't get to have power in relationships. If your parents' relationship was cold, transactional, or resentful, you may have learned that intimacy is a trap.

These aren't conscious lessons. Nobody sat you down and said, "Son, women will destroy you." But you watched. You absorbed. And your brain made conclusions that have been running silently in the background ever since.

**2. Social Conditioning**

Starting in middle school, you entered the hierarchy. You learned where you ranked. You learned who the "cool" kids were, who got the girls, and where you fell on that spectrum. If you were the nerdy kid, the overweight kid, the quiet kid, the weird kid — you internalized that ranking as permanent.

The hierarchy told you: "Guys who look like X get girls who look like Y. You don't look like X, so you don't get Y." And even though you're an adult now and those hierarchies are meaningless, your nervous system still carries the ranking. You still walk into a room and unconsciously assess where you "belong."

**3. Past Rejections**

Every man has a rejection story. Maybe multiple. And the brain doesn't forget them — it catalogs them as evidence. "See? You tried, and look what happened." The problem is that your brain doesn't catalog the full context. It doesn't remember that you were 16 and had no social skills. It doesn't remember that the girl who rejected you was going through her own issues. It just remembers the pain and files it under: "Don't do that again."

One rejection can become a life sentence if you let your brain use it as proof rather than as one data point in a much larger picture.

**4. Media and Cultural Narratives**

Movies, TV, social media, dating gurus, red pill content, black pill content — you've been swimming in stories about what women want, what men should be, and what the "rules" are. Most of these narratives are designed to get clicks, not to reflect reality. But they shape your beliefs anyway.

"Women only want the top 1%." "If you're not 6 feet tall with a six-figure income, it's over." "All women are hypergamous gold-diggers." These are not facts — they're content. But if you consume enough of it, your brain starts to treat it as truth.

Here's the exercise I want you to do: **for each SLB you identified in the last lesson, trace it back to one of these four sources.** Which factory made it? Childhood? Social conditioning? A specific rejection? Something you consumed online?

When you can look at a belief and say, "I believe this because of what happened when I was 14," or "I believe this because I've been watching too many YouTube videos about female nature" — the belief starts to shrink. It goes from "the truth about reality" to "something I picked up along the way." And something you picked up can also be put down.

---

## Quick-Reference Outline

- **Four factories of SLBs:**
  1. **Childhood messaging** — what you learned from watching your parents
  2. **Social conditioning** — the hierarchies and rankings of adolescence
  3. **Past rejections** — specific painful experiences cataloged as permanent evidence
  4. **Media/cultural narratives** — content consumed as truth (red pill, social media, movies)
- **Key insight:** Your brain doesn't catalog *context*, only *pain* — making old experiences feel like current truth
- **The power of tracing:** When you identify the source, the belief shrinks from "truth" to "something I picked up"
- **Exercise:** Map each SLB to its factory of origin$$,
  ARRAY[
    'Write about the earliest memory you have of feeling "not good enough" around women or girls. What happened? How old were you? What did you conclude about yourself?',
    'What did you learn about women from watching your parents'' relationship? Write at least three "lessons" you absorbed, whether they were spoken or unspoken.',
    'Think about a specific rejection that still stings. Write the full story — then write the context your brain leaves out when it replays the memory. What were you missing about the situation at the time?',
    'What media narratives about women and dating have you consumed heavily? How have they shaped your beliefs? Are there specific claims you''ve accepted as fact without questioning them?'
  ]
);

-- Lesson 3: The Cost of Believing Your SLBs
INSERT INTO lessons (id, chapter_id, title, description, sort_order, duration_seconds, video_source_type, video_url, is_preview, content, journal_prompts) VALUES (
  '20000000-0000-0000-0000-000000000103',
  '10000000-0000-0000-0000-000000000009',
  'The Cost of Believing Your SLBs',
  'What you have already lost by obeying these beliefs: opportunities, connections, confidence, and self-respect.',
  2,
  1800,
  'youtube',
  'https://www.youtube.com/watch?v=dQw4w9WgXcQ',
  false,
  $$## Full Script

Alright, so you know what SLBs are, and you know where they come from. Now I need you to understand something that might be uncomfortable: **what they've already cost you.**

Because here's the thing — SLBs don't just sit in your head as harmless thoughts. They make decisions for you. Every time you see a woman you're attracted to and your brain says, "Don't bother, she's out of your league," a decision just got made. You didn't make it. Your SLB made it. And you obeyed.

Let me paint a picture of what SLBs actually cost when you add it all up over years.

**Missed Connections**

Think about every woman you were attracted to but never spoke to. Not because you were busy. Not because the timing was wrong. But because your SLB told you not to. That's not one or two women — for most guys, that's hundreds. Maybe thousands over a lifetime. Each one a potential conversation, a potential date, a potential relationship, a potential life-changing connection. Gone. Not because she said no, but because your belief said no on her behalf.

**Eroded Confidence**

Every time you obey an SLB, you send yourself a message: "You're right to be afraid. You're right that you're not enough." And that message compounds. It's not just that you didn't talk to one woman — it's that you confirmed your own belief that you can't. Each avoided interaction makes the next one harder. Your comfort zone shrinks. Your confidence erodes. Not because anything bad happened, but because you keep telling yourself something bad would happen.

**Settled Relationships**

Many men with strong SLBs don't end up alone — they end up settled. They date women they're not genuinely attracted to because those women feel "safe" — meaning the risk of rejection feels lower. They build entire relationships on the foundation of "she probably won't leave me" instead of "I genuinely want to be with her." That's not a relationship — that's a hiding spot.

**Resentment and Bitterness**

When you spend years watching other men approach women, date women, build relationships with women — and you're on the sidelines because your SLBs told you to stay there — resentment builds. You start resenting the women for not coming to you. You start resenting the men for having what you want. You start resenting yourself for being "weak." And that resentment, if left unchecked, can turn into cynicism, into misogyny, into the kind of bitterness that guarantees you'll never get what you want.

**Loss of Self-Respect**

This is the deepest cost. When you consistently let fear make your decisions, you lose respect for yourself. You know you're hiding. You know you're capable of more. And that gap between who you are and who you're being eats at you. It's not about getting a woman — it's about being a man who acts on what he wants instead of hiding behind beliefs he didn't even choose.

I'm not telling you this to make you feel bad. I'm telling you this so you understand the stakes. SLBs are not harmless little thoughts. They are thieves. They steal your time, your confidence, your connections, and your self-respect. And they do it quietly, one avoided interaction at a time.

The good news? Every belief you dismantle gives you something back. We're starting that dismantling in the next chapter.

---

## Quick-Reference Outline

- **SLBs make decisions for you** — you obey them without realizing it
- **Five costs of SLBs:**
  1. **Missed connections** — hundreds/thousands of conversations you never had
  2. **Eroded confidence** — each avoidance confirms the belief and shrinks your comfort zone
  3. **Settled relationships** — dating from safety instead of genuine desire
  4. **Resentment and bitterness** — watching from the sidelines breeds cynicism
  5. **Loss of self-respect** — the gap between who you are and who you're being
- **Key insight:** SLBs don't just limit opportunity — they compound over time, stealing more with each year
- **Reframe:** Every belief you dismantle gives something back$$,
  ARRAY[
    'List five specific situations in the past year where an SLB stopped you from approaching or engaging with a woman you were attracted to. What did your SLB tell you in that moment?',
    'Have you ever entered or stayed in a relationship that felt "safe" rather than genuinely exciting? What SLB was operating underneath that choice?',
    'Write honestly about any resentment or bitterness you carry toward women, toward other men, or toward yourself. Where does it come from? Can you trace it to an SLB?'
  ]
);

-- ============================================================
-- Lessons for Chapter 2: The Most Common SLBs Decoded
-- ============================================================

-- Lesson 4: "She's Out of My League"
INSERT INTO lessons (id, chapter_id, title, description, sort_order, duration_seconds, video_source_type, video_url, is_preview, content, journal_prompts) VALUES (
  '20000000-0000-0000-0000-000000000104',
  '10000000-0000-0000-0000-000000000010',
  $$"She's Out of My League"$$,
  'Dismantles the league concept. Attraction is not a ranking system.',
  0,
  2100,
  'youtube',
  'https://www.youtube.com/watch?v=dQw4w9WgXcQ',
  false,
  $$## Full Script

Let's start dismantling specific beliefs, beginning with the granddaddy of all male SLBs: **"She's out of my league."**

This belief is so common that most men don't even recognize it as a belief. It feels like an observation — like saying the sky is blue. You see a beautiful woman and your brain automatically calculates: her value, your value, the gap between them, and the verdict — "Not for you."

But here's what I need you to understand: **leagues don't exist.** They are a fiction created by your brain to organize a world that feels chaotic and threatening. Your brain wants a ranking system because ranking systems are predictable. If you know your "place," you don't have to risk finding out where you actually stand.

Let me break down the logic behind "she's out of my league" and show you why it falls apart.

**The Assumption: Attraction Is a Ranking System**

The league belief assumes that people can be ranked on a linear scale from 1 to 10, and that you can only date people within a few points of your own number. This is absurd for several reasons:

First, attraction is not linear — it's multidimensional. A woman might find one man attractive because of his confidence, another because of his humor, another because of the way he listens, another because of his ambition. There is no single scale.

Second, you're a terrible judge of your own "ranking." You see yourself through the lens of every insecurity, every SLB, every bad day. You're rating yourself from inside the prison of your own beliefs.

Third — and this is the big one — **you have no idea what she finds attractive.** You're projecting your assumptions about what she wants onto her, and then disqualifying yourself based on your own projection. You're the judge, the jury, and the executioner in a trial where the other person hasn't even testified.

**Why This Belief Persists**

The league belief persists because it's comfortable. If she's "out of your league," you don't have to approach. You don't have to risk rejection. You don't have to face the possibility that your fear — not your league — is what's stopping you. The league belief is a permission slip to stay stuck.

It also persists because of **confirmation bias.** You notice the times a beautiful woman ignores you or seems disinterested, and you file that under "proof." You ignore or dismiss the times a woman was receptive, or you rationalize it away — "She was just being nice." Your brain is a lawyer making a case for your belief, not a scientist looking for truth.

**The Reality**

Here's what I've seen over and over in my coaching work: the men who approach "out of their league" women don't get rejected more often than anyone else. They often get better responses because the act of approaching with confidence is itself attractive. Meanwhile, the men who stay in their "lane" miss every opportunity that exists outside of it.

The woman you think is "out of your league" has insecurities of her own. She has days where she doesn't feel attractive. She has past relationships where men treated her poorly. She might be desperately wishing that a genuine, confident man would just walk up and talk to her like a human being — and you're over there running math on a league system that doesn't exist.

**The Replacement Belief**

Instead of "she's out of my league," try this: **"I don't know what she's looking for, and neither does she until we interact."** That's not optimistic fluff — that's reality. Attraction is discovered through interaction, not calculated in advance.

---

## Quick-Reference Outline

- **"Leagues" are fiction** — your brain's way of creating predictable hierarchy where none exists
- **Attraction is multidimensional**, not a 1-10 linear scale
- **You're a bad judge of your own value** — you see yourself through insecurity, not reality
- **You're projecting** — deciding what she wants and disqualifying yourself before she speaks
- **Why it persists:** comfort (no risk), confirmation bias (selective evidence)
- **Reality check:** Confident approach itself is attractive; "league" women are human too
- **Replacement belief:** "I don't know what she's looking for until we interact"$$,
  ARRAY[
    'Describe a specific woman you decided was "out of your league" without ever speaking to her. What evidence did you use? Now write down what you DON''T know about what she finds attractive.',
    'Where did you first learn that people come in "leagues"? Can you trace this to a specific experience, social group, or media source?',
    'Write about a time when someone you didn''t expect to be interested in you showed genuine interest. What did that teach you about the "league" system?'
  ]
);

-- Lesson 5: "If I Approach Her, She'll Reject Me"
INSERT INTO lessons (id, chapter_id, title, description, sort_order, duration_seconds, video_source_type, video_url, is_preview, content, journal_prompts) VALUES (
  '20000000-0000-0000-0000-000000000105',
  '10000000-0000-0000-0000-000000000010',
  $$"If I Approach Her, She'll Reject Me"$$,
  'Examines catastrophic prediction. The difference between prediction and reality.',
  1,
  2100,
  'youtube',
  'https://www.youtube.com/watch?v=dQw4w9WgXcQ',
  false,
  $$## Full Script

This is the Negative Predictor that stops more men dead in their tracks than any other: **"If I approach her, she's going to reject me."**

Sometimes it comes with embellishments: "She's going to look at me like I have a disease." "She's going to laugh." "She's going to see right through me and read everything I'm hiding like a magazine." "Everyone around us is going to watch me crash and burn."

Let me be direct: **you are not predicting the future. You are writing horror fiction and then treating it as a preview of coming attractions.**

Here's how this NP actually works in your brain:

**The Catastrophic Prediction Loop**

Step 1: You see a woman you're attracted to.
Step 2: Your brain scans for threats (this is automatic — it happens in milliseconds).
Step 3: Your brain finds the threat: possible rejection.
Step 4: Your brain doesn't just flag the threat — it **simulates** it. It creates a vivid mental movie of the worst-case scenario. You see her face scrunching in disgust. You feel the shame. You hear the laughter.
Step 5: Your nervous system responds to the simulation as if it's real. Cortisol spikes. Heart rate increases. Palms sweat.
Step 6: Your brain says, "See? This is going to be terrible. Don't go."
Step 7: You don't go. And you feel a wave of relief — which your brain logs as proof that it saved you from danger.

The entire loop takes about two seconds. And at no point in that loop did reality get consulted.

**Prediction vs. Reality**

Here's what the research actually shows about cold approaches: most women, when approached respectfully and confidently by a man, respond neutrally to positively. That doesn't mean they all say yes to a date. It means the catastrophic scenario — the disgust, the public humiliation, the soul-destroying rejection — almost never happens.

What actually happens is one of three things:

1. She's receptive and a conversation starts (this happens more than you think)
2. She's polite but not interested, and the interaction is brief and painless
3. She's distracted, in a rush, or not in the mood, and it's a neutral non-event

Notice that none of those three are the horror movie your brain plays. The worst realistic outcome is a brief, slightly awkward interaction that both of you will forget in five minutes.

**Why Your Brain Writes Horror Movies**

Your brain doesn't care about probability — it cares about magnitude. A 2% chance of a humiliating rejection registers the same as a 90% chance because the emotional weight is enormous. Your brain isn't doing math — it's doing threat assessment. And it always overweights the worst case.

This is the same system that kept your ancestors alive by assuming every rustle in the bushes was a predator. Great for survival. Terrible for your dating life.

**The Approach That Doesn't Land**

Here's something nobody tells you: even when an approach "doesn't work," nothing bad happens to you. Your status doesn't change. Your worth doesn't decrease. The people around you don't care — they're in their own heads, worried about their own SLBs. The only person who keeps score is you, and you're keeping score with a rigged system.

**The Replacement Belief**

Instead of "she's going to reject me," try this: **"I have no idea how this will go, and the only way to find out is to find out."** That's the truth. You genuinely don't know. Your brain is guessing, and it's guessing based on fear, not data.

---

## Quick-Reference Outline

- **The NP:** "If I approach her, she'll reject me" — vivid horror fiction treated as prediction
- **The Catastrophic Prediction Loop:** See her → brain simulates worst case → nervous system responds → you retreat → relief confirms the "danger"
- **Three realistic outcomes:** Receptive conversation, polite decline, neutral non-event
- **None of them match the horror movie**
- **Why horror movies:** Brain weighs *magnitude* over *probability* — 2% catastrophe outweighs 98% normal
- **Post-approach reality:** Nothing bad actually happens. No status change. No lasting damage.
- **Replacement belief:** "I have no idea how this will go. The only way to find out is to find out."$$,
  ARRAY[
    'Write out the specific horror movie your brain plays when you think about approaching a woman. Be as detailed as possible — what do you see, hear, feel? Now write what has ACTUALLY happened the last 3 times you spoke to a new woman (even in non-romantic contexts).',
    'Describe a time you predicted a social interaction would go terribly and it turned out fine — or even good. What does that tell you about the reliability of your predictions?',
    'What is the actual worst realistic outcome of approaching a woman who isn''t interested? Write it out plainly, without the emotional charge. How does it compare to the movie your brain plays?'
  ]
);

-- Lesson 6: "Rejection Proves I'm Worthless"
INSERT INTO lessons (id, chapter_id, title, description, sort_order, duration_seconds, video_source_type, video_url, is_preview, content, journal_prompts) VALUES (
  '20000000-0000-0000-0000-000000000106',
  '10000000-0000-0000-0000-000000000010',
  $$"Rejection Proves I'm Worthless"$$,
  'Separates outcome from identity. Rejection is information, not a verdict.',
  2,
  1980,
  'youtube',
  'https://www.youtube.com/watch?v=dQw4w9WgXcQ',
  false,
  $$## Full Script

Here's the SLB that makes rejection feel life-threatening: **"If she rejects me, it proves I'm worthless."** Or its cousin: "If she rejects me, it proves how low I am on the totem pole."

This is the belief that gives rejection its nuclear charge. Without this belief, rejection is a minor inconvenience — someone wasn't interested, you move on. With this belief, rejection becomes an existential threat — a public verdict on your worth as a human being.

Let's take this apart.

**The Logic Error: Outcome = Identity**

This SLB is built on a logical error so fundamental that once you see it, you can't unsee it: **it equates an outcome with your identity.**

If a woman isn't interested in you, this belief says that means something about *who you are.* Not about compatibility. Not about timing. Not about her mood, her preferences, her current life situation. About YOU. About your fundamental value.

This is like saying that if you apply for a job and don't get it, you're a worthless professional. Or if you cook a meal and someone doesn't like it, you're a terrible person. The outcome of a single interaction has zero authority over your identity — unless you give it that authority.

**Why You Give It That Authority**

Most men who carry this belief have a shaky foundation of self-worth. They don't have a solid, internal sense of their own value. Instead, their self-worth is *contingent* — it depends on external validation. If people approve, they feel good. If people reject, they feel worthless.

This is the Nice Guy operating system in its purest form: "My worth is determined by how others respond to me." When your worth is external, every interaction becomes a performance review. And rejection becomes a failing grade.

**What Rejection Actually Is**

Let me redefine rejection for you: **rejection is information about compatibility, not a verdict on your value.**

When a woman isn't interested, it means one of many things:
- She's not attracted to your specific combination of traits (and she doesn't need to be)
- She's in a relationship
- She's not in a place emotionally to connect
- She's having a bad day
- The context wasn't right
- You're simply not her type — the same way many women aren't yours

None of these have anything to do with your worth. Not one.

A man who gets rejected by a woman he just met has the exact same value as he had 30 seconds before the rejection. Nothing was subtracted. Nothing was lost. The only thing that happened is that he received a data point: this particular woman, in this particular moment, wasn't interested.

**Building Identity That Doesn't Need Approval**

The antidote to this SLB isn't thicker skin — it's a different foundation. You need a source of self-worth that doesn't depend on whether a specific woman wants to date you.

That means building your identity on things you control: your integrity, your effort, your growth, your willingness to act in the face of fear. When your self-worth is rooted in how you show up — not in how people respond — rejection loses its charge. It becomes feedback. It becomes just another thing that happened.

We'll work on this more in Chapter 3. For now, I want you to start noticing: when you imagine being rejected, do you feel like you're losing something about yourself? That feeling is the SLB. That's the belief doing its work.

---

## Quick-Reference Outline

- **The SLB:** Rejection = proof of worthlessness (outcome equated with identity)
- **The logic error:** A single interaction has zero authority over your identity
- **Why it sticks:** Contingent self-worth — value depends on external validation
- **Nice Guy OS:** "My worth is determined by how others respond to me"
- **What rejection actually is:** Information about compatibility, not a verdict on value
- **Many reasons for rejection** — most have nothing to do with you
- **The antidote:** Build identity on what you control (integrity, effort, growth, courage)
- **Notice the feeling:** When imagining rejection, does it feel like losing part of yourself? That's the SLB.$$,
  ARRAY[
    'Write about a specific rejection that felt like it said something about your worth as a person. Now rewrite the same event as a neutral data point about compatibility. How does the story change?',
    'Where does your self-worth currently come from? List the top 5 sources. How many of them depend on other people''s responses to you?',
    'Write a description of yourself that is based entirely on things you control — your character, your values, your effort, your growth. No external validation. How does this version of your identity feel compared to the approval-dependent version?'
  ]
);

-- Lesson 7: Preemptive Dismissals
INSERT INTO lessons (id, chapter_id, title, description, sort_order, duration_seconds, video_source_type, video_url, is_preview, content, journal_prompts) VALUES (
  '20000000-0000-0000-0000-000000000107',
  '10000000-0000-0000-0000-000000000010',
  'Preemptive Dismissals: The Beliefs That Reject Her Before She Can Reject You',
  'Covers protective devaluation: deciding she is terrible before she can decide anything about you.',
  3,
  2400,
  'youtube',
  'https://www.youtube.com/watch?v=dQw4w9WgXcQ',
  false,
  $$## Full Script

This lesson covers a cluster of SLBs that all share the same hidden function: **they reject her before she can reject you.** I call them Preemptive Dismissals, and they're some of the most insidious beliefs men carry because they disguise themselves as standards, wisdom, or "just being realistic."

Let me give you the lineup:

- "She's hot, but she's probably a bitch and will shit test me endlessly."
- "A woman like her only dates billionaires."
- "She probably wants to get married and take all my money like all women do."
- "It would be better to not want her at all than to want her and get rejected."

These all sound different on the surface, but they share the same engine: **protective devaluation.** You devalue the thing you want so that not getting it doesn't hurt. It's the fox and the grapes — she's probably sour anyway, so who cares?

**"She's Hot But Probably a Bitch"**

This one is classic. You see an attractive woman and immediately assign her a negative personality. She's stuck up. She's high-maintenance. She'll test you relentlessly. She'll be drama.

What's actually happening: your brain is threat-mitigating. If she's terrible, you don't want her. If you don't want her, you don't have to approach. If you don't approach, you can't get rejected. The entire belief exists to protect you from the vulnerability of desire.

Here's the truth: you know nothing about her personality. You've assigned her a character based on her appearance — which is a form of prejudice. Beautiful women can be kind, insecure, funny, boring, generous, anxious — they're human beings with the full range of human qualities. Your assumption that she's "probably a bitch" says everything about your fear and nothing about her.

**"She Only Dates Billionaires"**

This belief disqualifies you on economic grounds before any interaction takes place. It assumes that women — particularly attractive women — are vending machines where you insert money and receive affection.

The reality: some women care a lot about money. Some don't. Some care about ambition more than current income. Some care about emotional intelligence more than either. You're taking one possible preference, assigning it to all attractive women, and using it as an excuse to disengage.

**"She Wants to Get Married and Take All My Money"**

This is the cynicism belief. It paints all women as predators running a long con. And while there are absolutely predatory people out there — men and women — this belief generalizes one bad outcome to an entire gender.

Where does it come from? Often from a painful divorce, a bitter father, a bad relationship, or an internet echo chamber where men share worst-case stories until those stories become everyone's expected reality. If this is your belief, you're not protecting yourself — you're guaranteeing isolation.

**"Better to Not Want Her Than to Want Her and Get Rejected"**

This is the most honest of the Preemptive Dismissals because it names the real fear directly: wanting something and not getting it. This belief says that desire itself is dangerous — that the safest position is to not want.

This is not strength. This is emotional shutdown. You're not transcending desire — you're hiding from it. And the cost is enormous: a life where you train yourself not to want the connection you actually crave.

**The Common Thread**

All Preemptive Dismissals work the same way: they let you off the hook by making *her* the problem. She's a bitch. She's a gold digger. She's a predator. She's not worth wanting. None of these are about her — they're about your fear of vulnerability.

The replacement for all of them is the same: **"I don't know anything about her yet, and I'm willing to find out."** That's what confidence looks like — not the absence of fear, but the willingness to engage despite not knowing the outcome.

---

## Quick-Reference Outline

- **Preemptive Dismissals:** Beliefs that reject her before she can reject you
- **Engine: Protective devaluation** — devalue what you want so not getting it doesn't hurt
- **"She's probably a bitch"** — assigning negative personality to avoid vulnerability of desire
- **"She only dates billionaires"** — disqualifying on economic grounds; women-as-vending-machine assumption
- **"She wants my money"** — cynicism generalized from pain, divorce, or internet echo chambers
- **"Better to not want her"** — emotional shutdown disguised as wisdom; hiding from desire
- **Common thread:** All make HER the problem to avoid facing YOUR fear
- **Replacement belief:** "I don't know anything about her yet, and I'm willing to find out."$$,
  ARRAY[
    'Which Preemptive Dismissal do you use most often? Write about the last time you used it. What were you actually afraid of underneath it?',
    'Have you ever dismissed a woman preemptively and then found out later she was completely different from what you assumed? What did that experience teach you?',
    'Write honestly: are there ways you''ve trained yourself not to want connection to avoid the risk of rejection? What has that cost you?',
    'If you carry the "she wants my money" or "all women are predators" belief — where specifically did it come from? A personal experience? Someone else''s story? Online content? Write the origin story.'
  ]
);

-- ============================================================
-- Lessons for Chapter 3: Replacing SLBs with Grounded Beliefs
-- ============================================================

-- Lesson 8: Building Evidence-Based Beliefs
INSERT INTO lessons (id, chapter_id, title, description, sort_order, duration_seconds, video_source_type, video_url, is_preview, content, journal_prompts) VALUES (
  '20000000-0000-0000-0000-000000000108',
  '10000000-0000-0000-0000-000000000011',
  'Building Evidence-Based Beliefs',
  'How to replace SLBs with beliefs rooted in actual experience rather than fear.',
  0,
  2100,
  'youtube',
  'https://www.youtube.com/watch?v=dQw4w9WgXcQ',
  false,
  $$## Full Script

You've spent the first two chapters of this course identifying your SLBs, tracing their origins, counting their costs, and dismantling their logic. Now the question is: what do you replace them with?

A lot of self-help will tell you to replace negative beliefs with positive affirmations. "I am worthy. I am confident. I am attractive." And while I understand the intention, here's the problem: **your brain doesn't believe affirmations that contradict your experience.** If you've spent 20 years believing you're not enough, saying "I am enough" in the mirror doesn't override that. It just creates an argument between your mouth and your gut. And your gut always wins.

So we're not doing affirmations. We're doing something that actually works: **building evidence-based beliefs.**

**What Is an Evidence-Based Belief?**

An evidence-based belief is a conclusion drawn from actual experiences — things that have happened to you, not things you're afraid might happen. It's built the same way a scientist builds a theory: through observation, experimentation, and data collection.

Right now, your SLBs are based on *biased* evidence. Your brain selectively remembers rejections, ignores positive signals, and reinforces the narrative that matches the belief. An evidence-based belief is built on *complete* evidence — including the data your brain has been filtering out.

**The Evidence Journal Method**

Here's the practice. It's simple, but it's powerful:

**Step 1: Name the SLB.**
Write down the specific belief. Example: "Attractive women don't want to talk to me."

**Step 2: Look for counter-evidence.**
Actively search your memory for experiences that contradict this belief. Has an attractive woman ever been friendly to you? Has one ever laughed at your joke? Has one ever made eye contact and smiled? Has one ever given you a compliment? These moments exist — your brain just doesn't file them as evidence because they don't match the story.

**Step 3: Start collecting new evidence.**
This is where the action comes in. Begin having small interactions — not just with women you're attracted to, but with everyone. Cashiers. Baristas. Coworkers. Neighbors. The purpose is to collect real data about how people actually respond to you when you show up with openness and confidence.

**Step 4: Log the evidence.**
Write it down. Every positive or neutral interaction gets logged. Over time, this journal becomes a counter-narrative — a body of proof that your SLB is wrong. Not because you've decided it's wrong, but because the evidence says so.

**Why This Works**

This works because your brain trusts experience over argument. You can't logic your way out of an SLB, but you can experience your way out. When you have 50 logged experiences of women responding positively to you, the belief "women don't want to talk to me" can't survive. It dies of evidence.

The key is consistency. One good interaction doesn't override 20 years of belief. But 100 good interactions over three months? That's a new operating system.

**The Replacement Process**

As evidence accumulates, you'll notice your SLBs start to weaken on their own. You won't need to argue with them — they'll just start to feel less true. That's because beliefs aren't intellectual positions — they're emotional habits. And emotional habits change when new experiences repeatedly contradict them.

Your SLB: "She's out of my league."
Your evidence: "I've had 30 positive interactions this month with women I find attractive."
The SLB can't survive that data.

---

## Quick-Reference Outline

- **Not affirmations** — brain doesn't believe words that contradict experience
- **Evidence-based beliefs:** Conclusions drawn from actual experience, not fear
- **The Evidence Journal Method:**
  1. Name the specific SLB
  2. Search memory for counter-evidence (it exists — brain filters it out)
  3. Collect new evidence through daily small interactions
  4. Log every positive/neutral interaction
- **Why it works:** Brain trusts experience over argument
- **Consistency is key:** 100 logged experiences over 3 months = new operating system
- **Beliefs are emotional habits** — they change when new experiences contradict them repeatedly$$,
  ARRAY[
    'Pick your top 3 SLBs from this course. For each one, write at least 3 counter-examples from your own life that contradict the belief. They can be small moments — they count.',
    'Start your Evidence Journal today. Set up a simple format: Date, Interaction, What Happened, What This Tells Me. Log your first 3 entries this week.',
    'What would your belief about women look like if it were based ONLY on your actual positive experiences? Write that belief out as a statement.'
  ]
);

-- Lesson 9: Acting Before the Belief Changes
INSERT INTO lessons (id, chapter_id, title, description, sort_order, duration_seconds, video_source_type, video_url, is_preview, content, journal_prompts) VALUES (
  '20000000-0000-0000-0000-000000000109',
  '10000000-0000-0000-0000-000000000011',
  'Acting Before the Belief Changes',
  'You don''t wait until you believe differently to act differently. Action creates evidence.',
  1,
  1980,
  'youtube',
  'https://www.youtube.com/watch?v=dQw4w9WgXcQ',
  false,
  $$## Full Script

Here's where most men get stuck: they understand their SLBs, they see the logic, they even agree that the beliefs are wrong — but they wait to *feel* different before they *act* different. They think, "Once I really believe I'm enough, I'll start approaching." "Once my confidence is solid, I'll put myself out there."

That's backwards. And it will keep you stuck forever.

**The Action-First Principle**

Here's the truth that changes everything: **you do not wait until you believe differently to act differently. You act differently, and the belief changes as a result.**

Confidence doesn't come before action — it comes from action. You don't become confident and then approach women. You approach women and become confident through the experience. The evidence journal from the last lesson? It gets filled by action, not by sitting in your room thinking positive thoughts.

This is not my opinion. This is how human psychology actually works. The therapeutic model called **Behavioral Activation** is built on this principle: change behavior first, and cognition follows. You've been trying to think your way into new behavior. The path is to behave your way into new thinking.

**Structured Exposure: The Practice**

I'm not asking you to go cold-approach 50 women this weekend. That's not structured exposure — that's flooding, and it usually backfires. Instead, we're going to build a graduated exposure ladder:

**Level 1: Micro-Interactions (Week 1-2)**
- Make eye contact with 3 strangers per day and hold it for 2 seconds
- Say "good morning" or "how's it going" to 5 people per day (any gender)
- Ask one person per day a small question: "Do you know what time it is?" or "Have you been here before?"

**Level 2: Conversations (Week 3-4)**
- Have a 2-minute conversation with someone new each day
- Give one genuine compliment per day to a stranger
- Ask follow-up questions — show curiosity about someone's answer instead of just exchanging pleasantries

**Level 3: Intentional Interactions (Week 5-6)**
- Start conversations specifically with women you find attractive
- Keep it simple: observe something about the situation, make a comment, see if it develops
- If it goes well, say, "I'd love to keep talking — can I get your number?"
- If it doesn't go well, notice that you're still alive and nothing bad happened

**The Discomfort Is the Point**

Every level will feel uncomfortable. Good. The discomfort is not a sign that you're doing it wrong — it's a sign that you're pushing against the SLB's boundary. Your SLB wants you to stay comfortable. Comfort is the prison. Discomfort is the exit.

Here's what you'll notice: the first time you do each level, it's terrifying. The third time, it's nerve-wracking. The tenth time, it's just a thing you do. The fiftieth time, you wonder what you were ever afraid of. That's the SLB dying — not from argument, but from repeated exposure.

**What If You "Fail"?**

There is no failure in this practice. If you approach a woman and she's not interested — congratulations, you just proved that rejection doesn't kill you. That's evidence. If you try to make eye contact and look away too fast — fine, try again tomorrow. If you chicken out entirely — notice that, write about it in your journal, and try again. The only failure is stopping.

**The Compound Effect**

Action compounds. One conversation builds courage for the next. One positive interaction makes the next one easier. One rejection that doesn't destroy you makes the next one less scary. Over weeks and months, you build a body of experience that your SLBs simply can't argue with.

You're not trying to become a "pickup artist." You're trying to become a man who acts on what he wants. That's it. The rest takes care of itself.

---

## Quick-Reference Outline

- **Action-first principle:** Don't wait to feel confident — act, and confidence follows
- **Behavioral Activation model:** Change behavior first, cognition follows
- **Structured exposure ladder:**
  - Level 1 (Weeks 1-2): Eye contact, greetings, micro-questions
  - Level 2 (Weeks 3-4): 2-min conversations, compliments, curiosity
  - Level 3 (Weeks 5-6): Intentional conversations with women you're attracted to
- **Discomfort is the exit**, not the enemy — it means you're pushing the SLB boundary
- **No failure:** Every outcome is data. Only stopping is failure.
- **Compound effect:** Courage builds on courage over weeks and months$$,
  ARRAY[
    'Where are you on the exposure ladder right now? Be honest. Write down 3 specific actions from the appropriate level that you will take THIS WEEK.',
    'Write about a time you waited to feel ready before acting — and the readiness never came. What would have happened if you had just acted anyway?',
    'After completing your first week of structured exposure, write about what actually happened vs. what you predicted would happen. Where was your brain wrong?'
  ]
);

-- Lesson 10: Maintaining Your New Operating System
INSERT INTO lessons (id, chapter_id, title, description, sort_order, duration_seconds, video_source_type, video_url, is_preview, content, journal_prompts) VALUES (
  '20000000-0000-0000-0000-000000000110',
  '10000000-0000-0000-0000-000000000011',
  'Maintaining Your New Operating System',
  'Relapse prevention, SLB inventory check-ins, and building a sustainable practice.',
  2,
  1980,
  'youtube',
  'https://www.youtube.com/watch?v=dQw4w9WgXcQ',
  false,
  $$## Full Script

Welcome to the final lesson. If you've done the work in this course — identified your SLBs, traced their origins, counted their costs, dismantled their logic, started building evidence-based beliefs, and begun taking action — you're in a fundamentally different place than when you started.

But I need to be honest with you: **SLBs don't die once and stay dead.** They come back. Especially under stress, fatigue, loneliness, or after a painful experience. A bad rejection after months of progress can trigger old beliefs like someone flipped a switch. And if you're not prepared for that, you'll think, "I knew it. The old beliefs were right all along."

They're not right. They're just loud. And this lesson is about keeping the volume down permanently.

**The SLB Relapse Pattern**

Here's how relapse typically works:

1. **Trigger:** Something happens that echoes the old pain — a rejection, a breakup, a period of loneliness, seeing your ex with someone new, comparing yourself to other men on social media.
2. **Old belief activates:** The SLB wakes up and says, "See? I told you."
3. **Emotional flood:** You feel the old feelings — worthlessness, hopelessness, the urge to withdraw.
4. **Choice point:** This is where it matters. You either recognize what's happening and respond with your new tools, or you collapse back into the old operating system.

The difference between men who maintain their progress and men who relapse is not that one group never gets triggered. **Everyone gets triggered.** The difference is what you do at the choice point.

**Tool 1: The SLB Inventory Check-In**

Once a week, sit down for 10 minutes and do an inventory:

- What SLBs showed up this week?
- What triggered them?
- Did I obey them, or did I act despite them?
- What evidence from this week contradicts them?

This isn't journaling for the sake of journaling — it's surveillance on your own mind. You're watching for the old beliefs like a security guard watches for intruders. The moment you name an SLB, it loses half its power. The moment you name it and act anyway, it loses the other half.

**Tool 2: The Evidence Journal (Ongoing)**

Don't stop logging. The evidence journal from Lesson 8 isn't a one-time exercise — it's a permanent practice. Every week, add new entries. Over months, your journal becomes an overwhelming body of proof that your SLBs are wrong. When old beliefs come back, you open the journal and let the evidence speak.

**Tool 3: The Post-Trigger Protocol**

When you get triggered and feel the old beliefs surging back, use this three-step protocol:

1. **Name it:** "That's the 'she's out of my league' belief. I know where it came from. I know it's not true."
2. **Ground it:** Open your evidence journal. Read the last 10 entries. Remind yourself what's actually true based on experience.
3. **Act on it:** Within 24 hours of the trigger, take one action that contradicts the belief. It doesn't have to be big. One conversation. One approach. One moment of putting yourself out there. This prevents the SLB from re-entrenching.

**Tool 4: Community and Accountability**

SLBs thrive in isolation. When you're alone with your thoughts, the old beliefs have the loudest voice. That's why having other men in your life who are doing this work is crucial. Whether it's a coaching group, a trusted friend, or a men's group — have someone you can call when the old beliefs come back. Say it out loud: "I'm having the 'I'm not enough' thought again." Speaking an SLB out loud to another man is one of the fastest ways to deflate it.

**The Long Game**

I want to set realistic expectations. After this course, you'll have good weeks and bad weeks. You'll have stretches where the SLBs are quiet and stretches where they're screaming. That's normal. That's the process.

What changes is not the presence of the beliefs — it's your relationship to them. Over time, they go from being the voice of truth to being background noise. They go from being your operating system to being a legacy program that occasionally tries to run. You notice it, you dismiss it, you act anyway.

That's freedom. Not the absence of old beliefs, but the ability to act in spite of them. You've built the tools. Now it's about showing up, every day, and using them.

---

## Quick-Reference Outline

- **SLBs come back** — especially under stress, rejection, loneliness, or comparison
- **The relapse pattern:** Trigger → old belief activates → emotional flood → choice point
- **Four maintenance tools:**
  1. **Weekly SLB Inventory:** Name what showed up, what triggered it, how you responded
  2. **Ongoing Evidence Journal:** Keep logging — it becomes your permanent counter-narrative
  3. **Post-Trigger Protocol:** Name it → Ground it (evidence journal) → Act within 24 hours
  4. **Community/Accountability:** SLBs thrive in isolation; speak them to other men
- **Realistic expectations:** Good weeks and bad weeks are normal — the relationship to beliefs changes, not the beliefs themselves
- **Freedom:** Not the absence of SLBs, but the ability to act in spite of them$$,
  ARRAY[
    'Create your personal SLB Maintenance Plan: When will you do your weekly inventory? Where will you keep your evidence journal? Who is your accountability contact? Write this out as a concrete, scheduled commitment.',
    'Write a letter to your future self for the day when the old beliefs come roaring back. What do you want to remember? What evidence should you revisit? What would you tell yourself in that moment?',
    'Looking back over this entire course, what is the single most important thing you''ve learned about yourself and your beliefs? How will you carry that forward?'
  ]
);
